USE master
GO
IF DB_ID('BaoCaoKhoaHoc') IS NOT NULL
	DROP DATABASE BaoCaoKhoaHoc
CREATE DATABASE BaoCaoKhoaHoc
GO 
USE BaoCaoKhoaHoc
GO

CREATE TABLE TacGia
(
	MaTacGia      nvarchar(50) NOT NULL,
	HoVaTen        nvarchar(50)NOT NULL,
	MatKhau      nvarchar(50)NOT NULL,
	QuocGia       nvarchar(50) NOT NULL,
    SDT           nvarchar(50) NOT NULL,	
	primary key (MaTacGia),	
)
GO
CREATE TABLE WebDangTai
(
      Ma_website nvarchar(50) NOT NULL,
      NoiDangTai nvarchar(50) NOT NULL,
	  SoTrang    nvarchar(50) NOT NULL,
	  TG_DangTai nvarchar(50)NOT NULL,
	  website nvarchar(100) NULL,
	  idQuanLy nvarchar(50)NULL,
	  primary key(Ma_website),
)
GO
CREATE TABLE NhomTacGia
(
    MaNhom     nvarchar(50) NOT NULL,
	TenNhom nvarchar(50)        NOT NULL,
    primary key(MaNhom)
 )
GO
CREATE TABLE DangTai
(
    MaNhom     nvarchar(50) NOT NULL,
	Ma_website nvarchar(50) NULL,
	primary key(MaNhom),
	Foreign key(Ma_website) references WebDangTai(Ma_website),
   Foreign key(MaNhom) references NhomTacGia(MaNhom),
)
CREATE TABLE QuanHeTGNhom
(
   MaTacGia nvarchar(50) NOT NULL,
   MaNhom    nvarchar(50) NOT NULL,
   primary key(MaTacGia),
   Foreign key(MaTacGia) references TacGia(MaTacGia),
   Foreign key(MaNhom) references NhomTacGia(MaNhom),
)

CREATE TABLE TheLoaiNghienCuu
(
    MaTheLoai nvarchar(50) NOT NULL,
	TenTheLoai nvarchar(50) NULL,
	primary key(MaTheLoai)
)
CREATE TABLE QuanLy
(   
        idQuanLy  nvarchar(50) NOT NULL,
		Ma_website nvarchar(50) NULL,
		MatKhau     nvarchar(50) NULL,
		SoWebQuanLy  int NULL,
		HoVaTen     nvarchar(50) NULL,
		QueQuan      nvarchar(50) NULL,
		SDT          int NULL,
		primary key(idQuanly),
)
GO

CREATE TABLE QuanheWeb_QL
(   
        QuanLy  nvarchar(50) NULL,
		Ma_website nvarchar(50) NOT NULL,
		primary key(Ma_Website),
		Foreign key(QuanLy) references QuanLy(idQuanLy),
		Foreign key(Ma_Website) references WebDangTai(Ma_website),
)
GO
CREATE TABLE NoiDungChinh
(
	MaTieuDe               nvarchar(50) NOT NULL,
	TieuDe             nvarchar(50)NULL,
    NhomTacGia            nvarchar(50)NULL,
    TheLoaiNghienCuu      nvarchar(50)NULL,
	QuanLy         nvarchar(50)NULL,
    primary key(MaTieuDe),
	Foreign key(NhomTacGia) references NhomTacGia(MaNhom),
	Foreign key(TheLoaiNghienCuu) references TheLoaiNghienCuu(MaTheLoai),
	Foreign key(QuanLy) references QuanLy(idQuanLy),
)
Go
INSERT Tacgia(MaTacGia,HoVaTen,MatKhau,QuocGia,SDT) VALUES 
('17140001', 'Michelle','1234','USE',840123144),
('17140002','Mayteh', '4321','CANADA',0139355251),
('17140003', 'Cash','4321','CANADA',01384012251),
('17140004', 'Receivable','4321','Cuba:',0184012251),
('17140005', 'Book Inventory','4321','Japan',0139355251),
('17140006', 'Furniture','4321','CANADA',0138401251),
('17140007', 'uipment','4321','Denmark',0184012251),
('17140008', 'Capitalized Lease','4321','Germany',0840125251),
('17140009', 'Software','4321','CANADA',8401255251),
('17140010', 'Other Equipment','4321','CANADA',8401255251),
('17140011', 'Book Development','4321','Laos',0184012251),
('17140012', 'Accounts Payable','4321','CANADA',8401255251),
('17140013', 'Royalties Payable','4321','Lesotho',0139840121),
('17140014', '401K Employee Contributions','4321','CANADA',0138401251),
('17140015', 'Sales Taxes Payable','4321','Germany',0139840121),
('17140016','Medicare Taxes Payable','4321','CANADA',0840125251),
('17140017', 'Income Taxes Payable','4321','CANADA',0139355251),
('17140018', 'State Payroll','4321','Laos',0123445251),
('17140019', 'FICA Taxes Payable','4321','USE',094355251),
('17140020', 'Employee Ment','4321','CANADA',0136935251),
('17140041', 'Michelle','1234','USE',840123144),
('17140042','Mayteh', '4321','CANADA',0139355251),
('17140043', 'Cash Carry','4321','CANADA',01384012251),
('17140044', 'Receivable','4321','Cuba:',0184012251),
('17140045', 'Book I','4321','Japan',0139355251),
('17140046', 'Furniture','4321','CANADA',0138401251),
('17140047', 'uipment','4321','Denmark',0184012251),
('17140048', 'Capitalized ','4321','Germany',0840125251),
('17140049', 'Software','4321','CANADA',8401255251),
('17140050', 'Other Equipment','4321','CANADA',8401255251),
('17140051', 'Book Development','4321','Laos',0184012251),
('17140052', 'Accounts Payable','4321','CANADA',8401255251),
('17140053', 'Royalties Payable','4321','Lesotho',0149840121),
('17140054', ' Employee Contributions','4321','CANADA',01384012),
('17140055', 'Sales Taxes Pa','4321','Germany',0139840121),
('17140056','Medicare Taxes ','4321','CANADA',0840125251),
('17140057', 'Income Taxes ','4321','CANADA',0135355251),
('17140058', 'State Payroll','4321','Laos',0123445251),
('17140059', 'FICA Taxes ','4321','USE',084355251),
('17140060', 'Employe','4321','CANADA',0156935251),--
('17140061', 'Michelle','1234','USE',840123144),
('17140062','Mayteh', '4321','CANADA',0139355251),
('17140063', 'Cash','4321','CANADA',01384012251),
('17140064', 'Receivable','4321','Cuba:',0184012251),
('17140065', 'Book Inventory','4321','Japan',0139355251),
('17140066', 'Furniture','4321','CANADA',0138401251),
('17140067', 'uipment','4321','Denmark',0184012251),
('17140068', 'Capitalized Lease','4321','Germany',0840125251),
('17140069', 'Software','4321','CANADA',8401255251),
('17140070', 'Other Equipment','4321','CANADA',8401255251),
('17140071', 'Book Development','4321','Laos',0184012251),
('17140072', 'Accounts Payable','4321','CANADA',8401255251),
('17140073', 'Royalties Payable','4321','Lesotho',0139840121),
('17140074', '401K Employee Contributions','4321','CANADA',0138401251),
('17140075', 'Sales Taxes Payable','4321','Germany',0139840121),
('17140076','Medicare Taxes Payable','4321','CANADA',0840125251),
('17140077', 'Income Taxes Payable','4321','CANADA',0139355251),
('17140078', 'State Payroll','4321','Laos',0123445251),
('17140079', 'FICA Taxes Payable','4321','USE',094355251),
('17140080', 'Employee Ment','4321','CANADA',0136935251),
('17140081', 'Michelle','1234','USE',840123144),
('17140082','Mayteh', '4321','CANADA',0139355251),
('17140083', 'Cash Carry','4321','CANADA',01384012251),
('17140084', 'Receivable','4321','Cuba:',0184012251),
('17140085', 'Book I','4321','Japan',0139355251),
('17140086', 'Furniture','4321','CANADA',0138401251),
('17140087', 'uipment','4321','Denmark',0184012251),
('17140088', 'Capitalized ','4321','Germany',0840125251),
('17140089', 'Software','4321','CANADA',8401255251),
('17140090', 'Other Equipment','4321','CANADA',8401255251),
('17140091', 'Book Development','4321','Laos',0184012251),
('17140092', 'Accounts Payable','4321','CANADA',8401255251),
('17140093', 'Royalties Payable','4321','Lesotho',0149840121),
('17140094', ' Employee Contributions','4321','CANADA',01384012),
('17140095', 'Sales Taxes Pa','4321','Germany',0139840121),
('17140096','Medicare Taxes ','4321','CANADA',0840125251),
('17140097', 'Income Taxes ','4321','CANADA',0135355251),
('17140098', 'State Payroll','4321','Laos',0123445251),
('17140099', 'FICA Taxes ','4321','USE',084355251),
('17140100', 'Employe','4321','CANADA',0156935251)
GO
INSERT QuanLy(idQuanLy,Ma_website,MatKhau,SoWebQuanLy,HoVaTen,QueQuan,SDT) VALUES 
('16145255', '9401','trongtuong05',2,'davidvila','Australia','24019244'),
('16145253','9402','tanvy123',3,'jaxMIcal','USE','29033313'),
('16140001', '9403','2345',1,'Cuba','CANADA',0139355251),
('16140002','9404', '2345',2,'Belgium','Cuba:',0139355251),
('16140003', '9405','2345',3,'long','Japan',0139355251),
('16140004', '9406','2345',1,'Marrio','CANADA',0139355251),
('16140005', '9407','2345',1,'Furni','Denmark',0139355251),
('16140006', '9408','2345',1,'ture Mike','Germany',0139355251),
('16140007', '9409','2345',1,'Jach Dan','CANADA',0139355251),
('16140008', '9410','2345',2,'turn Bryyy','CANADA',0139355251),
('16140009', '9411','2345',1,'Dyrot','Laos',0139355251),
('16140010', '9412','2345',2,'dran qa','CANADA',0139355251),
('16140011', '9413','2345',1,'Furni','Lesotho',0139355251),
('16140012', '9414','2345',3,'teo a','CANADA',0139355251),
('16140013', '9415','2345',1,'mical','Germany',0139355251),
('16140014','9416','2345',2,'web','CANADA',0139355251),
('16140015', '9417','2345',1,'Furni','CANADA',0139355251),
('16140016', '9418','2345',2,'mical','Laos',0139355251),
('16140017','9419','2345',2,'jax mical','USE',0139355251),
('16140018', '9420','2345',3,'Furni','CANADA',0139355251)
GO
INSERT WebDangTai(Ma_website,NoiDangTai,SoTrang,TG_DangTai,website,idQuanLy) VALUES 
('9401', N'Báo Khoa Học','200','14/06/2015','https://www.esm.psu.edu/academics','16145255'),
('9402', N'Báo Công Nghệ','500','14/06/2018','https://www.esm.psu.edu/academics/undergraduate','16145253'),
('9403',N'Báo Thể Thao','200','14/06/2015','https://www.esm.psu.edu/academics','16140001'),
('9404', N'Tin Công Nghệ','200','14/06/2018','https://www.sciencedirect.com/science','16140002'),
('9405',N'Tin Doanh Nhân','1900','14/06/2018','https://www.esm.psu.edu/academics','16140003'),
('9406',N'Tin Bóng Đá','200','14/06/2018','http://aroma.vn/ten-cac-nuoc-tren-the-gioi','16140004'),
('9407',N'Tin Giáo Dục','329','14/06/2018','https://www.engineersaustralia.org.au/For-Students-And-Educators/Engineering','16140005'),
('9408',N'Tin Phát Minh','600','14/06/2018','https://viblo.asia/p/index','16140006'),
('9409',N'Báo Tuổi Trẻ','390','14/06/2018','http://aroma.vn/','16140007'),
('9410',N'Báo Khoa Học','239','14/06/2018','https://www.esm.psu.edu/academics','16140008'),
('9411',N'Báo Khoa Học','230','14/06/2018','http://aroma.vn/','16140009' ),
('9412',N'Bao Tuoi Tre','240','14/06/2018','https://viblo.asia/p/index','16140010'),
('9413',N'Báo Lao Động','250','14/06/2018','https://www.sciencedirect.com/','16140011' ),
('9414',N'Tin Đời Sống','190','14/06/2018','https://typesofengineeringdegrees.org/','16140012' ),
('9415',N'Báo Bóng Đá','280','14/06/2018','https://www.tandfonline.com/doi/abs','16140013' ),
('9416',N'Báo Bóng Đá','290','14/06/2018','http://aroma.vn/','16140014'),
('9417',N'Thoi Trang','250','14/06/2018','http://www.mettars.hu/wp-content/uploads/2011/11/Eloadas111114.pdf','16140015' ),
('9418',N'Thoi Trang','250','14/06/2018','https://www.britannica.com/technology/engineering','16140016' ),
('9419',N'Thể Thao','245','14/06/2018','https://viblo.asia/p/index-va-cac-kieu','16140017'),
('9420',N'Bóng Đá','300','14/06/2018','https://www.esm.psu.edu/academics/undergraduate','16140018')
GO
INSERT NhomTacGia(MaNhom,TenNhom) VALUES 
('0235', 'My TEo'),
('0351','Teo Anh'),
('0201', 'Jach Dan'),
('0202','May Tenny'),
('0203', 'Mix fila'),
('0204','May MOTO'),
('0205', 'Mix Sport'),
('0206','May feed'),
('0207', 'Mix Pup'),
('0208','Bum'),
('0209', 'Mix DRT'),
('0210','May feeu'),
('0211', 'teaching'),
('0212','dmitor'),
('0213', 'Mix_cell'),
('0214','Mayfeu'),
('0215', 'london'),
('0216','jes_sica'),
('0217', 'TeamBOLO'),
('0218','May_feu'),
('0241', 'My Engineer'),--40-60
('0242','Teo Anh'),
('0243', 'Jach Dan'),
('0244','May Tenny'),
('0245', 'Mix fila'),
('0246','May MOTO'),
('0247', 'Mix Sport'),
('0248','May feed'),
('0249', 'Mix Pup'),
('0250','Bum'),
('0251', 'Mix DRT'),
('0252','May feeu'),
('0253', 'teaching'),
('0254','dmitor'),
('0255', 'Mix_cell'),
('0256','Mayfeu'),
('0257', 'Punny london'),
('0258','jessica'),
('0259', 'TeamCOLO'),
('0260','May_feu')
GO
INSERT DangTai(MaNhom,Ma_website) VALUES 
('0235','9419'),
('0351','9420'),
('0201', '9401'),
('0202','9402'),
('0203', '9403'),
('0204','9404'),
('0205', '9405'),
('0206','9406'),
('0207', '9407'),
('0208','9408'),
('0209', '9409'),
('0210','9410'),
('0211', '9411'),
('0212','9412'),
('0213', '9413'),
('0214','9414'),
('0215', '9415'),
('0216','9416'),
('0217', '9417'),
('0218','9418'),
('0241', '9408'),--40-60
('0242','9406'),
('0243', '9404'),
('0244','9403'),
('0245', '9402'),
('0246','9401'),
('0247', '9406'),
('0248','9403'),
('0249', '9405'),
('0250','9406'),
('0251', '9404'),
('0252','9405'),
('0253', '9403'),
('0254','9415'),
('0255', '9413'),
('0256','9412'),
('0257', '9411'),
('0258','9418'),
('0259', '9419'),
('0260','9420')
GO
INSERT QuanheWeb_QL(QuanLy,Ma_website) VALUES 
('16145255', '9401'),
('16145253','9402'),
('16140001','9403'),
('16140002', '9404'),
('16140003','9405'),
('16140004', '9406'),
('16140005','9407'),
('16140006', '9408'),
('16140007','9409'),
('16140008', '9410'),
('16140009','9411'),
('16140010', '9412'),
('16140011','9413'),
('16140012', '9414'),
('16140013','9415'),
('16140014', '9416'),
('16140015','9417'),
('16140016', '9418'),
('16140017','9419'),
('16140018','9420')
GO

INSERT QuanHeTGNhom(MaNhom,MaTacGia) VALUES 
('0235', '17140001'),
('0351','17140002'),
('0201','17140003'),
('0202', '17140004'),
('0203','17140005'),
('0204', '17140006'),
('0205','17140007'),
('0206', '17140008'),
('0207','17140009'),
('0208', '17140010'),
('0209','17140011'),
('0210', '17140012'),
('0211','17140013'),
('0212', '17140014'),
('0213','17140015'),
('0214', '17140016'),
('0215','17140017'),
('0216','17140018'),
('0217','17140019'),
('0218','17140020'),
('0241', '17140041'),--40-60
('0242','17140042'),
('0243','17140043'),
('0244', '17140044'),
('0245','17140045'),
('0246', '17140046'),
('0247','17140047'),
('0248', '17140048'),
('0249','17140049'),
('0250', '17140050'),
('0251','17140051'),
('0252', '17140052'),
('0253','17140053'),
('0254', '17140054'),
('0255','17140055'),
('0256', '17140056'),
('0257','17140057'),
('0258','17140058'),
('0259','17140059'),
('0260','17140060'),
('0241', '17140061'),--60-100
('0242','17140062'),
('0243','17140063'),
('0244', '17140064'),
('0245','17140065'),
('0246', '17140066'),
('0247','17140067'),
('0248', '17140068'),
('0249','17140069'),
('0250', '17140070'),
('0251','17140071'),
('0252', '17140072'),
('0253','17140073'),
('0254', '17140074'),
('0255','17140075'),
('0256', '17140076'),
('0257','17140077'),
('0258','17140078'),
('0259','17140079'),
('0260','17140080'),
('0235', '17140081'),
('0351','17140082'),
('0201','17140083'),
('0202', '17140084'),
('0203','17140085'),
('0204', '17140086'),
('0205','17140087'),
('0206', '17140088'),
('0207','17140089'),
('0208', '17140090'),
('0209','17140091'),
('0210', '17140092'),
('0211','17140093'),
('0212', '17140094'),
('0213','17140095'),
('0214', '17140096'),
('0215','17140097'),
('0216','17140098'),
('0217','17140099'),
('0218','17140100')
GO
INSERT TheLoaiNghienCuu(MaTheLoai,TenTheLoai) VALUES 
('901', 'engineer'),
('902','bodylanguage'),
('903','Mucicals'),
('904', 'Hisorical'),
('905','Science Fiction'),
('906', 'FoodBALL'),
('907','electronic'),
('908','Environmental Resources'),
('909', ' Biotechnology'),
('910',' Brand Management'),
('911','Business Administration'),
('912', 'Business English'),
('913','Garment Engineering'),
('914', 'FoodBALL'),
('915','Trade Marketing'),
('916','Transportation Engineering')
GO
INSERT NoiDungChinh(MaTieuDe,TieuDe,NhomTacGia,TheLoaiNghienCuu,QuanLy) VALUES 
('0002','Study IT and Engineering','0235','901','16145255'),
('0541','engineer vector','0351','902','16145253'),
('0001','Computer hardware maintenance','0201','903','16140001'),
('0003','Internal network connection','0202','901','16140002'),
('0004','Study IT and Engineering','0203','904','16140003'),
('0005','engineer vector','0204','902','16140004'),
('0006','Touchscreen phone','0205','905','16140005'),
('0007','engineer vector','0206','903','16140006'),
('0008','Study IT and Engineering','0207','907','16140007'),
('0009','engineer vector','0208','904','16140008'),
('0010','Study IT Exceed','0209','907','16140009'),
('0011','engineer vector','0210','908','16140010'),
('0013','Firewall','0211','903','16140011'),
('0014','engineer vector','0212','906','16140012'),
('0015','Study IT ','0213','903','16140013'),
('0016','engineer vector','0214','905','16140014'),
('0017','Study IT and Engineering','0215','908','16140015'),
('0018','Object – oriented language','0216','904','16140016'),
('0019','nauthorized access','0217','905','16140017'),
('0020','E – commerce website','0218','903','16140018'),
('0021','Index','0235','902','16140001'),
('0022','Remote support','0351','901','16140001'),
('0023','Multitasking','0351','903','16140002'),
('0041','Study IT and Engineering','0241','909','16145255'),--40
('0042','engineer vector','0242','910','16145253'),
('0043','Computer hardware maintenance','0243','911','16140001'),
('0044','Internal network connection','0244','912','16140002'),
('0045','Study IT and Engineering','0245','913','16140003'),
('0046','engineer vector','0246','914','16140004'),
('0047','Touchscreen phone','0247','915','16140005'),
('0048','engineer vector','0248','916','16140006'),
('0049','Study IT and Engineering','0249','907','16140007'),
('0050','engineer vector','0250','904','16140008'),
('0051','Study IT Exceed','0251','907','16140009'),
('0052','engineer vector','0252','908','16140010'),
('0053','Firewall','0253','903','16140011'),
('0054','engineer vector','0254','906','16140012'),
('0055','Study IT ','0255','903','16140013'),
('0056','engineer vector','0256','905','16140014'),
('0057','Study IT and Engineering','0257','908','16140015'),
('0058','Object – oriented language','0258','904','16140016'),
('0059','nauthorized access','0259','905','16140017'),
('0060','E – commerce website','0260','903','16140018'),
('0061','Index','0203','902','16140001'),
('0062','Remote support','0204','901','16140001'),
('0071','Multitasking','0205','903','16140002'),--70-100
('0072','Study IT and Engineering','0235','901','16145255'),
('0073','engineer vector','0351','902','16145253'),
('0074','Computer hardware maintenance','0201','903','16140001'),
('0075','Internal network connection','0202','901','16140002'),
('0076','Study IT and Engineering','0203','904','16140003'),
('0077','engineer vector','0204','902','16140004'),
('0078','Touchscreen phone','0205','905','16140005'),
('0079','engineer vector','0206','903','16140006'),
('0080','Study IT and Engineering','0207','907','16140007'),
('0081','engineer vector','0208','904','16140008'),
('0082','Study IT Exceed','0209','907','16140009'),
('0083','engineer vector','0210','908','16140010'),
('0084','Firewall','0211','903','16140011'),
('0085','engineer vector','0212','906','16140012'),
('0086','Study IT ','0213','903','16140013'),
('0087','engineer vector','0214','905','16140014'),
('0088','Study IT and Engineering','0215','908','16140015'),
('0089','Object – oriented language','0216','904','16140016'),
('0090','nauthorized access','0217','905','16140017'),
('0091','E – commerce website','0218','903','16140018'),
('0092','Index','0235','902','16140001'),
('0093','Remote support','0351','901','16140001'),
('0094','Multitasking','0351','903','16140002'),
('0095','Study IT and Engineering','0241','909','16145255'),--40
('0096','engineer vector','0242','910','16145253'),
('0097','Computer hardware maintenance','0243','911','16140001'),
('0098','Internal network connection','0244','912','16140002'),
('0099','Study IT and Engineering','0245','913','16140003'),
('0100','engineer vector','0260','914','16140004'),
('0101','Touchscreen phone','0259','915','16140005'),
('0102','engineer vector','0258','916','16140006'),
('0103','Study IT and Engineering','0257','907','16140007'),
('0104','engineer vector','0256','904','16140008'),
('0105','Study IT Exceed','0255','907','16140009'),
('0106','engineer vector','0254','908','16140010'),
('0107','Firewall','0253','903','16140011'),
('0108','engineer vector','0252','906','16140012'),
('0109','Study IT ','0251','908','16140013'),
('0110','engineer vector','0250','909','16140014'),
('0111','Study IT and Engineering','0249','910','16140015'),
('0112','Object – oriented language','0248','911','16140016'),
('0113','nauthorized access','0247','912','16140017'),
('0114','E – commerce website','0246','913','16140018'),
('0115','Index','0245','914','16140001'),
('0116','Remote support','0244','915','16140001'),
('0117','Multitasking','0243','916','16140002'),
('0118','Index','0242','914','16140001'),
('0119','Remote support','0241','915','16140001'),
('0120','Multitasking','0205','916','16140002')

insert into WebDangTai Values('1290', N'Báo Khoa Học','200','14/06/2015','https://www.esm.psu.edu/academics','16145255')